topic_id,topic_name,meta_summary
0,"""Terms of Service and Data Use""","1. The overarching policy focus of Topic 0, ""Terms of Service and Data Use,"" is to establish a comprehensive framework for user engagement and data governance on digital platforms. These documents collectively aim to delineate user responsibilities, ensure compliance with legal standards, and protect both user and platform interests through clear guidelines on data use, privacy, and community conduct. Common regulatory goals include safeguarding user privacy, preventing misuse of services, and maintaining the integrity and security of the platforms. Safety interventions and behavioural guidance are embedded within these policies to foster a secure and respectful user environment, often leveraging advanced technologies and legal mechanisms to mitigate potential harms.

2. The overall tone conveyed across the documents is predominantly authoritative and preventative. This tone is justified by the formal and legalistic language used to outline user obligations and the emphasis on compliance, reflecting a focus on maintaining control and preventing misuse. The documents often highlight the consequences of non-compliance, underscoring the platforms' commitment to enforcing rules and protecting user data.

3. The primary types of harm addressed within this topic are privacy-related, psychological, and reputational harms. Privacy harm is a central concern, as evidenced by the detailed privacy policies and data management practices outlined in the documents. Psychological harm is addressed through the emphasis on creating safe and secure user environments, while reputational harm is mitigated by guidelines on content sharing and community standards.

4. Implicit assumptions about user behaviour include the expectation that users are responsible and capable of understanding and adhering to legal agreements and community standards. Platforms presume that users value privacy and are proactive in managing their data and privacy settings. Additionally, there is an assumption that users trust the platforms to handle their data responsibly and are motivated to engage in a manner that aligns with the outlined commitments and legal obligations."
1,"""User Reporting and Assistance Mechanisms""","1. The overarching policy focus of Topic 1, ""User Reporting and Assistance Mechanisms,"" is to empower users to actively participate in maintaining a safe and respectful online environment by providing clear, structured processes for reporting inappropriate or harmful behavior. Common regulatory goals across these documents include ensuring user safety, protecting privacy, and fostering a community-driven approach to harm mitigation. Safety interventions are designed to be user-friendly, emphasizing anonymity, detailed reporting, and adherence to community guidelines to effectively address and resolve issues. Behavioral guidance encourages users to be vigilant, proactive, and responsible in identifying and reporting violations, thereby contributing to a safer digital space.

2. The overall tone conveyed across the documents is supportive and preventative. This tone is justified by the emphasis on empowering users through clear instructions and reassurance of anonymity, fostering a sense of security and community responsibility. The documents consistently encourage proactive engagement with safety mechanisms, reflecting a commitment to preventing harm and supporting users in taking action against violations.

3. The primary types of harm addressed within this topic are psychological, reputational, identity-based, and privacy harms. These are evident through the focus on issues such as harassment, derogatory language, impersonation, hate speech, and the protection of user anonymity during the reporting process.

4. Implicit or explicit assumptions made by platforms about user behavior include the belief that users are capable of identifying harmful behavior and are responsible for reporting it accurately. Platforms assume users value privacy and anonymity, are motivated to contribute to a safe community, and possess the digital literacy required to navigate reporting processes. Additionally, there is an assumption that users understand the importance of detailed reporting to facilitate effective moderation and resolution of issues."
2,"""User Safety and Community Support""","1. The overarching policy focus of Topic 2, ""User Safety and Community Support,"" centers on fostering a secure and supportive online environment through a combination of user empowerment, community guidelines, and proactive safety measures. These documents collectively aim to balance user expression with safety by implementing moderation strategies, providing resources for mental and physical well-being, and encouraging responsible user behavior. Common regulatory goals include preventing psychological, physical, and reputational harm, while also safeguarding privacy and promoting community accountability. The policies emphasize user autonomy and responsibility, often providing practical advice and resources to help users protect themselves and contribute positively to the community.

2. The overall tone conveyed across the documents is predominantly supportive and preventative. This tone is evident in the emphasis on user empowerment, the provision of resources for mental and physical well-being, and the encouragement of proactive safety practices. The documents aim to reassure users of the platforms' dedication to safety while promoting a collaborative approach to maintaining a secure environment, often involving user participation in community governance and safety measures.

3. The primary types of harm addressed within this topic are psychological, physical, and reputational harm. Psychological harm is frequently addressed through resources and guidelines aimed at mental health and emotional well-being. Physical harm is considered in the context of in-person interactions and safety precautions. Reputational harm is addressed through content moderation and the prevention of false or misleading information.

4. Implicit assumptions about user behavior suggest that platforms view users as generally responsible individuals capable of managing their safety and contributing to a positive community environment. There is an expectation that users will engage with provided resources, adhere to community guidelines, and take proactive steps to protect their privacy and security. Platforms also assume users have access to technology and are motivated to use it for reporting incidents and managing their digital interactions."
3,"""Content Moderation and Policy Enforcement""","1. The overarching policy focus of Topic 3, ""Content Moderation and Policy Enforcement,"" centers on establishing and maintaining a safe and authentic online environment through rigorous content moderation and enforcement of community guidelines. Common regulatory goals include preventing the spread of misinformation, hate speech, and other forms of harmful content, while fostering transparency and accountability in moderation practices. Safety interventions often involve the use of advanced technologies, such as AI and machine learning, alongside human oversight to identify and mitigate potential violations preemptively. Behavioural guidance is directed towards encouraging user responsibility, compliance with community standards, and active participation in reporting harmful content.

2. The overall tone conveyed across the documents is authoritative and preventative. This is justified by the decisive language used to outline rules and consequences for non-compliance, the emphasis on harm prevention through proactive measures, and the structured presentation of guidelines and enforcement mechanisms. The authoritative tone underscores the platforms' commitment to maintaining control and ensuring user safety, while the preventative aspect highlights efforts to avert potential violations and harms before they occur.

3. The primary types of harm addressed within this topic are psychological, reputational, identity-based, physical, and privacy harms. Psychological harm is frequently mentioned in the context of preventing exposure to distressing or misleading content. Reputational harm is addressed through efforts to counter misinformation and protect users' public personas. Identity-based harm is considered in the prohibition of hate speech and discriminatory content. Physical harm is targeted by preventing content that incites violence or terrorism, and privacy harm is addressed through policies on data protection and transparency regarding legal requests.

4. Implicit assumptions about user behaviour suggest that platforms view users as both potential violators and enforcers of community standards. Users are presumed to have the capacity to adhere to guidelines and report violations, indicating an expectation of responsibility and active engagement in maintaining platform integrity. There is also an assumption that users value transparency and accountability, as evidenced by detailed reporting on moderation activities. Additionally, platforms assume a diverse user base with varying thresholds for offensive content, necessitating protective measures and clear communication of guidelines."
4,"""Online Gaming Safety for Minors""","**1. Overarching Policy Focus Summary:**
The collective focus of the ""Online Gaming Safety for Minors"" topic is to establish a secure and inclusive digital environment for young users engaging with gaming platforms. These policies consistently aim to prevent harmful interactions by implementing clear community standards, content guidelines, and safety features, such as parental controls and restricted accounts for minors. Regulatory goals include fostering respectful interactions, protecting user privacy, and mitigating risks associated with identity-based discrimination and psychological harm. The documents emphasize user responsibility in adhering to guidelines and actively participating in maintaining a safe gaming ecosystem.

**2. Overall Tone Assessment:**
The tone across the documents is predominantly preventative and supportive, with authoritative elements. This is evidenced by the proactive measures outlined to safeguard users, such as clear content restrictions and the promotion of inclusivity, alongside the supportive encouragement of positive community engagement. The authoritative aspect is reflected in the firm enforcement of rules and the delineation of consequences for violations, underscoring a commitment to regulatory compliance and user safety.

**3. Primary Types of Harm Addressed:**
The primary types of harm addressed within this topic include psychological, identity-based, privacy, and sexual harms. Psychological harm is mitigated through the promotion of respectful interactions and the prohibition of harassment and abuse. Identity-based harm is addressed by enforcing inclusivity and prohibiting discrimination. Privacy-related harms are managed through data protection measures and restrictions on sharing personal information. Sexual harm is addressed by banning explicit content and safeguarding minors through restricted account features.

**4. Implicit and Explicit User Assumptions:**
The policies implicitly assume that users, particularly minors, are vulnerable to online risks and require guidance and oversight to navigate digital spaces safely. There is an expectation that users are generally cooperative and capable of adhering to community standards, with platforms presuming a baseline understanding of online etiquette and the consequences of misconduct. Additionally, the documents assume that parents or guardians are actively involved in monitoring and consenting to their children's online activities, particularly in the context of younger users. These assumptions reflect a balance between user autonomy and the need for protective measures to ensure a secure gaming environment."
5,"""Self-Harm and Mental Health Support""","1. The overarching policy focus of Topic 5, ""Self-Harm and Mental Health Support,"" is to provide comprehensive guidance and resources to users experiencing mental health crises, such as suicidal thoughts, self-harm, and eating disorders. These policies collectively aim to ensure user safety by facilitating access to external support mechanisms, such as hotlines and emergency services, and by integrating internal interventions, including crisis resource panels and content moderation. The regulatory goals emphasize the prevention of harm through proactive measures, such as content removal, age restrictions, and the promotion of safety plans developed with health professionals. Additionally, these policies encourage community engagement by urging users to report concerning content and support peers, thereby fostering a supportive and informed online environment.

2. The overall tone conveyed across the documents is supportive and preventative. This tone is justified by the consistent emphasis on providing resources, guidance, and interventions to users in distress, as well as the proactive approach in preventing exposure to harmful content. The policies highlight a commitment to user well-being by promoting safe communication about mental health and encouraging community cooperation in maintaining a safe environment.

3. The primary types of harm addressed within this topic are psychological and physical harm. Psychological harm is a central focus, as the policies address issues related to suicidal thoughts, self-injury, eating disorders, and mental health crises. Physical harm is also considered, particularly in the context of immediate danger requiring contact with emergency services.

4. Implicit or explicit assumptions made by platforms about user behaviour include the expectation that users are responsible individuals capable of recognizing distress in themselves and others, and are willing to take action to ensure safety. Platforms assume users have access to and can utilize external resources, such as hotlines and law enforcement, and that they are aware of the importance of reporting safety concerns. There is also an assumption that users are interested in engaging with content related to mental health in a supportive manner and have a responsibility to contribute to a safe community environment by adhering to guidelines and reporting harmful content."
6,"""Content Violation Reporting Procedures""","1. The overarching policy focus of Topic 6, ""Content Violation Reporting Procedures,"" is to establish a robust framework for maintaining user safety and security on online platforms by regulating user interactions and content dissemination. These policies collectively aim to mitigate various forms of harm, including psychological, reputational, and privacy-related harms, through clear guidelines and enforcement mechanisms that balance free expression with the need for a respectful online environment. The documents emphasize the importance of user engagement in reporting harmful content, thereby fostering a community-driven approach to safety and compliance with platform standards. Overall, the regulatory intent is to create a secure digital space that supports both individual expression and collective well-being.

2. The overall tone conveyed across the documents is authoritative and preventative. This is justified by the firm language used to delineate rules and expectations, the emphasis on preemptive measures to protect users from harm, and the structured presentation of guidelines that underscore the platforms' commitment to maintaining a safe and secure environment. The tone reflects a proactive stance on harm prevention, coupled with an expectation of user responsibility in upholding community standards.

3. The primary types of harm addressed within this topic are psychological, reputational, and privacy-related harms. Psychological harm is frequently mentioned in relation to abusive behavior and offensive content, reputational harm is addressed through the management of misinformation and impersonation, and privacy-related harm is tackled by prohibiting the unauthorized sharing of personal information.

4. Implicit or explicit assumptions made by platforms about user behavior include the expectation that users are both potential perpetrators and victims of harmful actions, necessitating clear rules and guidelines. Platforms assume users are responsible for their conduct and capable of understanding and adhering to community standards. There is also an implicit belief that users value a safe environment conducive to free expression and are willing to engage with reporting mechanisms to maintain this balance. Additionally, platforms presume users have a basic understanding of privacy implications and the importance of consent in content sharing."
7,"""Nonconsensual Explicit Content Policies""","1. The overarching policy focus of Topic 7: ""Nonconsensual Explicit Content Policies"" is to establish a regulatory framework that prevents and mitigates the harm associated with the unauthorized sharing and distribution of sexually explicit content. These policies collectively aim to protect users, particularly minors, from exposure to inappropriate content and to uphold community standards by clearly defining acceptable behavior and content boundaries. Common regulatory goals include the prohibition of non-consensual intimate media, the promotion of consent in user interactions, and the enforcement of strict guidelines against sexual exploitation and harassment. Safety interventions are implemented through content moderation, user reporting mechanisms, and collaborations with law enforcement and external safety experts to ensure a secure and respectful online environment.

2. The overall tone conveyed across the documents is authoritative and preventative. This tone is justified by the firm language used to delineate unacceptable behaviors and the clear articulation of consequences for violations, reflecting a commitment to maintaining a safe and respectful platform environment. The preventative aspect is evident in the proactive measures outlined to protect users from harm, such as promoting consent, setting clear content boundaries, and providing resources for reporting and mitigating non-consensual content.

3. The primary types of harm addressed within this topic are sexual, psychological, and reputational harms. These policies focus on preventing sexual exploitation and harassment, mitigating psychological distress from exposure to non-consensual content, and safeguarding users' reputations by controlling the distribution of intimate media.

4. Implicit or explicit assumptions made by platforms about user behavior include the expectation that users are capable of self-regulation and responsible behavior, particularly in adhering to content guidelines and respecting consent. There is an assumption that users have diverse preferences and comfort levels regarding content exposure, necessitating clear demarcations between acceptable and restricted content. Additionally, platforms presume that users are aware of their rights and responsibilities, including the importance of reporting violations and the potential consequences of harmful actions."
8,"""Hate Speech and Identity Protection""","1. The overarching policy focus of Topic 8, ""Hate Speech and Identity Protection,"" is to establish a safe and inclusive online environment by prohibiting hate speech and discrimination based on protected characteristics such as race, gender, and sexual orientation. These policies aim to prevent psychological, identity-based, and reputational harm by clearly defining unacceptable behaviors and providing guidelines for user conduct. Common regulatory goals include fostering inclusivity, ensuring user safety, and maintaining community standards through preventative measures and user engagement in reporting violations. Platforms also emphasize the shared responsibility of users and creators in upholding these standards, often allowing for exceptions in educational or satirical contexts to balance free expression with safety.

2. The overall tone conveyed across the documents is authoritative and preventative. This tone is justified by the clear articulation of prohibitions, detailed definitions of hate speech, and the emphasis on compliance and enforcement to preemptively mitigate harm. The authoritative stance is further supported by the platforms' commitment to creating safe environments through firm guidelines and user accountability, while the preventative aspect is reflected in the proactive measures and resources provided to users.

3. The primary types of harm addressed within this topic are psychological, identity-based, and reputational harm. These policies focus on protecting users from emotional distress, discrimination, and damage to their social standing by targeting hate speech and behaviors that dehumanize or vilify individuals based on inherent attributes.

4. Implicit or explicit assumptions made by platforms about user behavior include the belief that users have the potential to engage in harmful speech but are capable of understanding and adhering to guidelines promoting inclusivity. Platforms assume users value a safe and inclusive environment and are responsible for their conduct, including the ability to distinguish between acceptable and unacceptable expressions. Additionally, there is an expectation that users will actively participate in maintaining community standards by reporting violations and engaging with educational resources to support inclusivity."
9,"""Secure Messaging and Community Interaction""","**1. Overarching Policy Focus:**
The collective focus of the policies under ""Secure Messaging and Community Interaction"" is to enhance user safety and privacy across various communication platforms by implementing robust security measures and fostering respectful interactions. Common regulatory goals include the protection of user data through end-to-end encryption, the promotion of safe and inclusive community spaces, and the empowerment of users with tools and guidance to manage their privacy and interactions effectively. Safety interventions are designed to prevent unauthorized access, mitigate the spread of misinformation, and ensure compliance with community standards. Behavioural guidance is provided to encourage respectful communication, proactive privacy management, and responsible use of platform features.

**2. Overall Tone:**
The overall tone across these documents is predominantly supportive and preventative. This is evidenced by the emphasis on empowering users with knowledge and tools to protect their privacy and security, as well as the guidance provided to prevent harmful interactions and data breaches. The supportive tone is reflected in the platforms' efforts to enhance user experience and autonomy, while the preventative aspect is highlighted through the implementation of security measures and the provision of clear behavioural guidelines to avert potential harms.

**3. Primary Types of Harm Addressed:**
The primary types of harm addressed within this topic are privacy, psychological, and reputational harms. Privacy harm is a central concern, with multiple documents focusing on encryption and privacy settings to protect user data. Psychological harm is addressed through the creation of supportive and respectful communication environments, while reputational harm is mitigated by enforcing community standards and providing guidance on responsible information sharing.

**4. Implicit or Explicit User Assumptions:**
The policies implicitly assume that users value privacy and security, are proactive in managing their personal data, and are capable of engaging with platform governance processes. There is an expectation that users are generally well-intentioned but may need guidance on best practices for privacy and respectful communication. Platforms also presume that users are part of communities with shared interests and are responsible for maintaining safe and respectful interactions within these groups. Additionally, there is an assumption that users trust the platforms to implement effective security measures and adhere to privacy commitments."
10,"""Anti-Bullying Support Resources""","**1. Overarching Policy Focus:**
The collective focus of the ""Anti-Bullying Support Resources"" topic is to provide comprehensive guidance and support to various stakeholders—parents, educators, and teens—in managing and mitigating online and offline bullying. These policy documents emphasize the importance of fostering open communication, empathy, and proactive intervention to create a safe and supportive environment. They advocate for the use of platform-specific tools and resources, such as reporting mechanisms and parental controls, to empower users in preventing and addressing bullying incidents. The regulatory goals are centered on promoting behavioral change, ensuring emotional and physical safety, and reinforcing community standards to safeguard user well-being.

**2. Overall Tone:**
The overall tone across these documents is supportive and preventative. This tone is justified by the consistent emphasis on empathy, open communication, and proactive measures to prevent bullying, rather than punitive actions. The language used is nurturing and empowering, aiming to reassure users and stakeholders of their ability to contribute positively to a safe online and offline environment.

**3. Types of Harm Addressed:**
The primary types of harm addressed within this topic are psychological harm, as the documents focus on the emotional impact of bullying, and privacy harm, particularly through concerns about doxxing and unauthorized information sharing. Additionally, physical harm is addressed, especially in contexts where bullying could lead to physical confrontations or self-harm.

**4. User Assumptions:**
The documents implicitly assume that users, including parents, educators, and teens, are capable of engaging in self-reflection, open communication, and proactive measures to prevent and address bullying. They presume that users have access to supportive networks and digital tools necessary for managing bullying situations. There is an underlying assumption that users understand the significance of their roles in fostering a respectful and safe community and are responsible for taking corrective actions to mitigate harm."
11,"""Content Violation and Enforcement Policies""","1. The overarching policy focus of Topic 11, ""Content Violation and Enforcement Policies,"" is to ensure the safety and integrity of online platforms by outlining comprehensive enforcement mechanisms for policy violations. These documents collectively aim to deter harmful behavior through structured interventions such as content removal, account restrictions, and user education, while also providing avenues for appeals and user feedback. The policies emphasize maintaining a professional and safe community environment, often leveraging both automated systems and human oversight to manage compliance. Common regulatory goals include preventing psychological, reputational, sexual, and privacy-related harms, thereby fostering a secure and trustworthy digital space.

2. The overall tone conveyed across the documents is authoritative and preventative. This is justified by the clear delineation of consequences for policy violations, the structured enforcement processes, and the emphasis on deterrence and user education to prevent future infractions. The authoritative tone is underscored by the platforms' unilateral authority to enforce compliance, while the preventative aspect is reflected in the proactive measures and user guidance provided to mitigate risks.

3. The primary types of harm addressed within this topic are psychological, reputational, sexual, and privacy-related harms. These harms are consistently highlighted across multiple summaries, with a focus on preventing distressing content, safeguarding users' reputations, protecting against sexual exploitation, and ensuring the confidentiality of personal information.

4. Platforms implicitly assume that users are generally aware of community standards and are responsible for adhering to them, although they may occasionally violate policies either inadvertently or deliberately. There is an expectation that users value a safe and professional community environment, as evidenced by the emphasis on maintaining such standards. Additionally, platforms presume users are capable of engaging with governance processes, such as appeals and reporting mechanisms, and are motivated to comply with guidelines to avoid penalties and maintain their accounts."
12,"""Parental Guidance for Teen Safety""","1. The overarching policy focus of Topic 12, ""Parental Guidance for Teen Safety,"" is to establish a secure and supportive online environment for teenage users by implementing age-appropriate safeguards and empowering parental involvement. Common regulatory goals include the prevention of exposure to harmful content, the protection of privacy and personal information, and the facilitation of safe interactions. Safety interventions often involve age verification, privacy settings, content restrictions, and reporting mechanisms, while behavioural guidance emphasizes the importance of open communication between parents and teens. These policies collectively aim to mitigate risks associated with online interactions and content consumption, ensuring a positive digital experience for young users.

2. The overall tone across the documents is predominantly supportive and preventative. This tone is justified by the emphasis on empowering users, particularly parents and teens, with tools and knowledge to navigate digital platforms safely. The policies focus on proactive measures, such as privacy settings and educational resources, rather than punitive actions, reflecting a commitment to fostering a secure and positive online environment.

3. The primary types of harm addressed within this topic are psychological, privacy, and sexual harms. Psychological harm is frequently mentioned in the context of preventing bullying, harassment, and exposure to distressing content. Privacy concerns are addressed through measures to safeguard personal information and control content visibility. Sexual harm is highlighted in the context of protecting teens from exploitation and inappropriate content.

4. Implicit assumptions made by platforms about user behaviour include the expectation that teens may lack the discernment to navigate online risks independently, necessitating protective measures and parental guidance. Platforms presume that parents and caregivers are actively involved in their children's digital lives and are motivated to engage with safety features. There is also an assumption of a baseline level of digital literacy among users, enabling them to utilize privacy settings and reporting tools effectively. Additionally, platforms assume that users will comply with age restrictions and contribute to maintaining a safe environment by reporting inappropriate content and interactions."
13,"""Harassment and Bullying Policies""","1. The overarching policy focus of Topic 13, ""Harassment and Bullying Policies,"" is to establish a safe and respectful online environment by prohibiting behaviors such as harassment, bullying, and the unauthorized sharing of private information. Common regulatory goals across these documents include the prevention of psychological, reputational, and privacy harms, with platforms emphasizing the importance of maintaining community standards and protecting users from abuse. Safety interventions are implemented through clear guidelines, educational resources, and collaboration with expert organizations to help users recognize and mitigate harmful behaviors. These policies also provide mechanisms for reporting violations and encourage users to engage in self-reflection and responsible conduct to foster a positive digital community.

2. The overall tone conveyed across the documents is authoritative and preventative. This tone is justified by the firm language used to delineate unacceptable behaviors and the emphasis on maintaining a safe community environment through clear guidelines and proactive measures. The authoritative stance is further reinforced by the platforms' commitment to enforcing these policies and the preventative aspect is highlighted through educational efforts and resources aimed at guiding users towards respectful interactions.

3. The primary types of harm addressed within this topic are psychological, reputational, sexual, identity-based, and privacy harms. These harms are evident across multiple summaries, with a focus on preventing emotional distress, protecting individuals' reputations, safeguarding against sexual and identity-based abuse, and ensuring users' privacy is respected.

4. Implicit or explicit assumptions made by platforms about user behavior include the belief that users may inadvertently or deliberately engage in harmful behaviors, necessitating clear guidelines and educational resources. Platforms assume users have a responsibility to understand and adhere to community standards, contribute to a respectful environment, and report violations. There is also an assumption that users value a safe community and are willing to engage with resources provided to enhance their understanding of acceptable conduct and the impact of their actions on others."
14,"""Spam Detection and Reporting Mechanisms""","1. The overarching policy focus of Topic 14, ""Spam Detection and Reporting Mechanisms,"" is to regulate and mitigate the dissemination of spam across various online platforms, thereby safeguarding user experience and platform integrity. Common regulatory goals include prohibiting deceptive and misleading content, preventing unauthorized access to user accounts, and maintaining a secure environment through both user education and automated detection systems. Safety interventions often involve empowering users with tools and guidance to secure their accounts, report spam, and engage with platform governance processes. Behavioural guidance is provided to encourage users to adhere to community standards, report violations, and actively participate in maintaining a safe and trusted online environment.

2. The overall tone conveyed across the documents is authoritative and preventative. This tone is justified by the clear prohibitions against specific spam-related behaviours, the structured guidelines for user engagement, and the emphasis on proactive measures to prevent harm. The authoritative nature is evident in the firm stance on maintaining platform integrity and the detailed instructions provided to users, while the preventative aspect is highlighted by the focus on user empowerment and education to preemptively address potential threats.

3. The primary types of harm addressed within this topic are reputational, privacy, and psychological harms. Reputational harm is addressed through the prohibition of misleading content and fake accounts, privacy harm through the emphasis on securing personal information and preventing unauthorized access, and psychological harm through the prevention of unwanted interactions and the stress associated with spam and deceptive practices.

4. Implicit or explicit assumptions about user behaviour include the expectation that users may inadvertently or intentionally engage in deceptive practices or unwanted interactions, necessitating clear guidelines and enforcement measures. Platforms assume a level of user responsibility to adhere to community standards, report violations, and engage authentically. Additionally, there is an assumption that users are capable of recognizing and reporting enforcement errors, utilizing security tools, and valuing a spam-free environment, indicating an expectation of user engagement with platform governance and safety processes."
15,"""Messaging and Communication Controls""","**1. Overarching Policy Focus:**
The collective focus of the ""Messaging and Communication Controls"" topic is to empower users with the ability to manage their online interactions effectively, thereby enhancing safety and privacy. These policies uniformly emphasize user control over personal connections and communication settings, providing detailed guidance on blocking, reporting, and managing message visibility. The regulatory goal is to prevent unwanted interactions and potential harms by equipping users with tools to curate their communication environments, aligning with broader community standards and safety protocols. This approach reflects a commitment to fostering a secure and respectful digital space where users can engage confidently.

**2. Overall Tone:**
The overall tone across these policy documents is predominantly preventative and supportive. This tone is evident in the emphasis on empowering users with practical tools and clear instructions to manage their interactions, thereby preventing potential harms. The supportive nature is further highlighted by the encouragement of user reflection and proactive engagement with safety features, rather than imposing punitive measures. This approach suggests a focus on user education and empowerment as central to maintaining a safe online environment.

**3. Primary Types of Harm Addressed:**
The primary types of harm addressed within this topic are psychological and privacy harms. Psychological harm is consistently targeted through mechanisms designed to prevent unwanted interactions and distressing communications. Privacy harm is addressed through policies that provide users with control over who can access their personal information and communication channels, thereby safeguarding their digital privacy.

**4. Implicit User Assumptions:**
The policies implicitly assume that users are proactive and responsible for managing their own safety and privacy within the platform. There is an expectation that users possess a basic understanding of privacy settings and are capable of navigating the platform's features to block, report, and manage interactions. Additionally, the documents presume that users value maintaining connections with known individuals and are willing to adjust their behaviors to align with platform guidelines and community standards. These assumptions reflect a belief in user agency and the importance of individual responsibility in fostering a safe online environment."
16,"""Account Suspension and Appeals Process""","1. The overarching policy focus of Topic 16, ""Account Suspension and Appeals Process,"" is to establish a structured and transparent framework for managing user accounts in response to violations of platform-specific guidelines and standards. These policies collectively aim to maintain a safe, secure, and respectful online environment by delineating clear procedures for account suspension, detailing the reasons for such actions, and providing users with avenues for appeal. Common regulatory goals include the prevention of unauthorized access, the protection of user privacy, and the enforcement of community standards to mitigate various forms of harm. The documents emphasize the importance of user compliance with established rules and the platforms' commitment to safeguarding their communities through both preventative and corrective measures.

2. The overall tone conveyed across the documents is predominantly authoritative and preventative, with supportive elements in some cases. This authoritative tone is justified by the clear articulation of rules, consequences, and the structured processes for account management, reflecting a firm commitment to enforcing platform policies and maintaining community integrity. The preventative aspect is evident in the emphasis on preemptive measures to deter harmful behavior and ensure compliance. Supportive elements are present in the guidance provided to users for resolving issues and appealing decisions, indicating a degree of user engagement and assistance.

3. The primary types of harm addressed within this topic are psychological, reputational, privacy, and identity-based harms. Psychological harm is mitigated through measures to prevent distressing interactions and maintain a safe environment. Reputational harm is addressed by protecting users from impersonation and ensuring fair play and integrity. Privacy harm is targeted through the prevention of unauthorized access and safeguarding user data. Identity-based harm is addressed by enforcing standards against misrepresentation and impersonation.

4. Implicit or explicit assumptions made by platforms about user behavior include the expectation that users are aware of and understand the community guidelines and terms of service, and that they are responsible for adhering to these standards. Platforms assume that users have the capability to manage their account security and engage with the appeal processes if necessary. There is also an assumption that users may inadvertently or intentionally engage in behaviors that violate platform policies, necessitating robust enforcement mechanisms. Additionally, platforms presume that users value privacy and reputational integrity, which underpins the need for verification processes and structured account management policies."
17,"""Violent and Graphic Content Policies""","1. The overarching policy focus of Topic 17, ""Violent and Graphic Content Policies,"" is to establish a regulatory framework that prohibits the dissemination of violent, graphic, or disturbing content across online platforms. These policies aim to prevent psychological, physical, and reputational harm by setting clear boundaries around acceptable content, often allowing exceptions for educational or newsworthy material under strict conditions. The documents collectively emphasize the importance of maintaining a safe online environment through preventative measures, such as content moderation, user guidelines, and mechanisms for reporting violations. Additionally, they underscore the shared responsibility between platforms and users to uphold community standards and ensure user safety.

2. The overall tone conveyed across the documents is authoritative and preventative. This tone is justified by the definitive language used to outline prohibited content and behaviors, reflecting a firm stance on maintaining platform integrity and user safety. The preventative aspect is evident in the detailed guidelines and structured approaches to managing potentially harmful material, aiming to avert exposure to violent or graphic content and mitigate associated risks.

3. The primary types of harm addressed within this topic are psychological, physical, and reputational harm. Psychological harm is a central concern, with policies focusing on preventing exposure to distressing or traumatic content. Physical harm is addressed through prohibitions on content that incites or glorifies violence, while reputational harm is mitigated by regulating content that could damage individuals' reputations through associations with violence or criminal activities.

4. Implicit or explicit assumptions about user behavior include the expectation that users may inadvertently or deliberately engage with or disseminate harmful content, necessitating clear guidelines and enforcement measures. Platforms assume that users have a responsibility to adhere to community standards and actively participate in maintaining a safe environment. There is also an implicit belief in users' capacity to recognize harmful content, report violations, and understand the broader implications of their online activities for community safety and individual well-being."
18,"""Misinformation and Public Health Risks""","**1. Overarching Policy Focus:**
The collective policy focus of Topic 18, ""Misinformation and Public Health Risks,"" is to mitigate the dissemination of false or misleading content that poses significant risks to individuals, communities, and institutions. These policies uniformly aim to protect public and individual safety by aligning shared content with reputable sources, particularly in the domains of public health and civic processes. The regulatory goals include prohibiting misinformation that contradicts authoritative health guidance, promotes unverified medical cures, or undermines democratic participation. Safety interventions are designed to maintain content integrity and prevent harm through clear guidelines, fact-checking, and user engagement in reporting violations.

**2. Overall Tone:**
The overall tone across the documents is authoritative and preventative. This is justified by the firm prohibitions against specific types of harmful content and the emphasis on aligning with reputable authorities to prevent misinformation-related harm. The documents convey a commitment to safeguarding users by providing clear directives and maintaining a trustworthy information environment.

**3. Primary Types of Harm Addressed:**
The primary types of harm addressed within this topic are psychological, physical, reputational, and identity-based harms. Psychological harm is considered through the potential distress caused by misinformation, physical harm through misleading health information, reputational harm through false claims that could damage trust in institutions, and identity-based harm through content that affects specific communities or demographic groups.

**4. User Assumptions:**
The implicit assumptions about users suggest that platforms believe users may inadvertently or deliberately share misinformation, necessitating clear guidelines to prevent such actions. Users are presumed to have the responsibility to verify the accuracy of the content they share and to engage in respectful discourse. Additionally, platforms assume users value authenticity and reliability in information and are capable of discerning reputable sources, thus participating actively in maintaining the platform's integrity by reporting misinformation and adhering to community guidelines."
19,"""Violent Extremism and Hate Policies""","1. The overarching policy focus of Topic 19, ""Violent Extremism and Hate Policies,"" is to prevent the use of online platforms for the organization, promotion, or support of violent extremist activities and ideologies. The common regulatory goals include the prohibition of content associated with terrorist groups, hate groups, and violent extremism, alongside the enforcement of strict content moderation and user conduct guidelines. Safety interventions often involve content removal, account actions, and collaboration with law enforcement to mitigate risks of psychological, physical, and identity-based harm. These policies collectively aim to uphold democratic values and individual liberties by ensuring a secure and respectful online environment.

2. The overall tone conveyed across the documents is authoritative and preventative. This tone is justified by the firm language used to delineate prohibitions against violent extremism and hate speech, the structured enforcement mechanisms, and the emphasis on preemptive measures to mitigate potential harms. The policies consistently reflect a commitment to maintaining safety and preventing violence, underscoring the platforms' authoritative stance in governing user behavior.

3. The primary types of harm addressed within this topic are psychological, physical, and identity-based harms. Psychological harm is addressed through the prohibition of content that could incite fear or distress, physical harm is considered by preventing the organization of violent activities, and identity-based harm is tackled by targeting hate groups that threaten individuals based on their identity.

4. The implicit assumptions made by platforms about user behavior include the potential for users to engage in or be influenced by violent extremist activities, necessitating strict regulations. There is an assumption of user responsibility in adhering to community guidelines and understanding the impact of their conduct both on and off the platform. Additionally, platforms presume that users are part of diverse communities requiring protection from discrimination and violence, and that users are generally cooperative and capable of identifying and reporting harmful content."
20,"""Legal Requests for User Data""","1. **Summary of Overarching Policy Focus**: The collective policy focus of Topic 20, ""Legal Requests for User Data,"" centers on the establishment of clear, legally compliant frameworks for responding to governmental and law enforcement requests for user information. These documents uniformly emphasize the platforms' commitment to safeguarding user privacy while ensuring adherence to applicable legal standards, such as subpoenas, court orders, and warrants. They highlight the procedural rigor involved in verifying and processing such requests, often including provisions for user notification and opportunities to contest data disclosures. The overarching goal is to balance the facilitation of lawful investigations with the protection of user rights and privacy.

2. **Overall Tone**: The tone across the documents is predominantly authoritative and procedural, with a preventative undertone. This is justified by the consistent emphasis on legal compliance, structured processes, and the platforms' roles as intermediaries between users and law enforcement. The documents convey a sense of duty to uphold legal standards while preventing unauthorized access to user data.

3. **Primary Types of Harm Addressed**: The primary type of harm addressed is privacy-related harm, as the documents focus on the conditions and processes for lawful data disclosure. Secondary considerations include identity-based harm, as seen in the verification of requests, and psychological and reputational harm, particularly in the context of preventing misuse of platforms.

4. **Implicit or Explicit User Assumptions**: The policies implicitly assume that users value their privacy and expect platforms to protect their data unless legally obligated to disclose it. There is an expectation that users may not fully understand legal processes, necessitating clear guidelines and support structures. Additionally, platforms assume users trust them to act responsibly and transparently in legal matters, and that users are part of diverse communities with varying levels of awareness and engagement with platform governance."
21,"""Content Moderation and Filtering Options""","1. The overarching policy focus of Topic 21, ""Content Moderation and Filtering Options,"" is to enhance user safety and community integrity on online platforms through the implementation of moderation tools and filtering mechanisms. These policies collectively aim to prevent and manage harmful interactions, such as harassment, bullying, and abusive content, by empowering users and moderators with customizable settings and automated filters. The regulatory goals emphasize adherence to community standards and guidelines, offering users the means to control their online experiences and seek recourse in cases of perceived moderation errors. The documents reflect a commitment to fostering a safer digital environment by balancing content accuracy with protective measures against various forms of harm.

2. The overall tone conveyed across the documents is predominantly supportive and preventative, with authoritative elements. This tone is justified by the consistent emphasis on empowering users and moderators with tools to manage safety proactively, alongside clear instructions and guidelines that reinforce the platforms' commitment to user protection. The supportive language highlights the platforms' dedication to fostering safe communities, while the preventative measures underscore a proactive stance against potential harms.

3. The primary types of harm addressed within this topic are psychological and reputational harm. Psychological harm is a central focus, as the policies aim to shield users from harassment, bullying, and abusive content that can negatively impact mental well-being. Reputational harm is also addressed through measures that prevent the spread of damaging content and protect users' online identities.

4. Implicit assumptions made by platforms about user behaviour include the expectation that users are proactive and responsible in managing their safety and interactions. There is an assumption that users have the capability and willingness to utilize the provided tools to customize their online experiences and adhere to community guidelines. Additionally, platforms presume that users are likely to encounter harmful interactions, necessitating the availability of robust moderation and filtering options to mitigate these risks."
